,Sample ID,SampleType,DateTime Taken,Post Results,Public X,Public Y
0,08-16-CKS-1,DI water ,8/16/2023 8:15,N,-156.47835445700153,20.888667532793814
1,08-16-CKS-2,Tap Water,8/16/2023 9:30,,-156.31479719206195,20.775040279389195
2,08-16-CKS-3,Tap Water,8/16/2023 10:52,,-156.30988515074932,20.77639365218294
3,08-16-CKS-4,Tap Water,8/16/2023 11:11,,-156.31028674281248,20.775148561998503
4,08-16-CKS-5,Tap Water Filtered,8/16/2023 11:30,,-156.30761749767606,20.778880000445593
5,08-16-CKS-6,Tap Water,8/16/2023 12:00,,-156.30771492660455,20.775351582396667
6,08-16-CKS-7,Tap Water,8/16/2023 12:22,,-156.3101559976494,20.775888055748645
7,08-16-CKS-8,Tap Water,8/16/2023 12:53,,-156.3129862787686,20.778756374329877
8,08-16-CKS-10,Tap Water,8/16/2023 2:24,,-156.3259569742821,20.743433520241275
9,08-16-CKS-11,Tap Water,8/16/2023 2:55,,-156.31756746058267,20.74917042374005
10,08-16-CKS-12,Tap Water,8/16/2023 3:46,,-156.30961169069698,20.903348642119237
11,08-23-CKS-21A,Tap Water,8/23/2023 10:50,,-156.3101431854401,20.773793115552895
12,08-23-CKS-21B,Swimming Pool,8/23/2023 11:09,,-156.31285745128255,20.776878367106328
13,08-23-CKS-22,Tap Water,8/23/2023 14:12,,-156.3139735046829,20.781676355704615
14,08-23-CKS-23,Tap Water,8/23/2023 14:41,,-156.30894756960055,20.773001508870657
15,08-23-CKS-Chris Blank,,8/23/2023,N,,
16,08-25-CKS-31,Tap Water,8/25/2023 12:54,,-156.31309155172906,20.77296894022759
17,08-25-CKS-32,Tap Water,8/25/2023 13:04,,-156.30924264812984,20.77489695870277
18,08-25-CKS-33,Tap Water,8/25/2023 13:04,,-156.31108581345254,20.776023141402224
19,08-25-CKS-34,Tap Water Filtered,8/25/2023 13:04,,-156.30903343483212,20.77993129650421
20,08-25-CKS-35,Tap Water,8/25/2023 13:04,,-156.3113370836852,20.7758205553385
21,08-29-CKS-41,Tap Water,8/29/2023 9:43,,-156.32381168545248,20.759821915681545
22,08-29-CKS-42,Tap Water,8/29/2023 10:47,,-156.3980640110016,20.669955595428675
23,08-29-CKS-43,Tap Water,8/29/2023 11:18,,-156.40192393727455,20.649723386549134
24,08-29-CKS-44,Tap Water Filtered,8/29/2023 11:30,,-156.4012177365707,20.649193632286355
25,08-29-CKS-51,Tap Water,8/29/2023 11:08,,-156.29997880523595,20.775781082669166
26,08-29-CKS-52,Tap Water,8/29/2023 11:42,,-156.30805035512773,20.775317480609505
27,08-29-CKS-53,Tap Water,8/29/2023 12:12,,-156.3095464564835,20.778200664884842
28,08-29-CKS-54,Tap Water,8/29/2023 13:57,,-156.30529142588443,20.776939353926494
29,08-29-CKS-55,Tap Water,8/29/2023 14:14,,-156.30378183806994,20.7810167674056
30,56,,,N,,
31,8-30-23-kellie-1,Tap Water,8/30/2023 11:53,,-156.30342301170865,20.767350846454132
32,8-30-23-kellie-2,Tap Water,8/30/2023 12:37,,-156.3018932968748,20.766098422550343
33,8-30-23-kellie-3,Tap Water,8/30/2023 12:41,,-156.30320460022853,20.766610895747377
34,8-30-23-kellie-4,Tap Water,8/30/2023 13:36,,-156.30593022709817,20.76973985521706
35,8-30-23-kellie-6,Tap Water,8/30/2023 19:07,,-156.31658636670718,20.773113154697
36,Ulupalakua Ranch- Field 3 upper tank,,prior to 8/25/2023,N,-156.40000909682914,20.64989034127771
37,Ulupalakua Ranch- Upper livestock trough,,prior to 8/25/2023,N,-156.40012942573108,20.64990836721196
38,Ulupalakua Ranch- Vineyard spigot,,prior to 8/25/2023,N,-156.39722733185033,20.64669176996848
39,Ulupalakua Ranch- Vineyard tank,,prior to 8/25/2023,N,-156.39693620486773,20.64718325422596
40,Grodzinski- chicken coop,,prior to 8/25/2023,N,,
41,Grodzinski- goat trough (livestock water),,prior to 8/25/2023,N,,
42,Dueck Farms,,prior to 8/25/2023,N,,
43,Haleakala Ranch- home paddock trough,,prior to 8/25/2023,N,-156.32265418597368,20.833854066937704
44,Haleakala Ranch- Holomalia paddock,,prior to 8/25/2023,N,-156.32200170574092,20.831312408055513
45,Haleakala Ranch- stables,,prior to 8/25/2023,N,-156.3198576267558,20.830952762357605
46,Triple L Ranch- livestock water trough,,prior to 8/25/2023,N,-156.36558289622934,20.617131532231653
47,Triple L Ranch- house spigot,,prior to 8/25/2023,N,-156.36928131200023,20.617521325590538
48,Triple L Ranch- lower livestock trough,,prior to 8/25/2023,N,-156.36827627718353,20.61737868580907
49,Diamond B Ranch- spigot after water,,prior to 8/25/2023,N,-156.31864675047595,20.85444363111153
50,Diamond B Ranch- water trough after tank,,prior to 8/25/2023,N,-156.31563170620942,20.851386898466103
51,Ranch 1,"Livestock tank, non potable ",8/26/2023 12:51,N,-156.31963041061402,20.834178388055278
52,Ranch 2,"Livestock tank, non potable ",8/26/2023 14:30,N,-156.319120209957,20.83384643704171
53,Ranch 3,"Livestock tank, non potable ",8/26/2023 16:10,N,-156.3191240401643,20.834437446162788
54,Ranch 4,"Livestock tank, non potable ",8/26/2023 15:59,N,-156.32204603032832,20.831220968939935
55,FB,bottled water,8/12/2023,N,,
56,Cistern A1 + roof debris (green and red label),,8/19/2023,N,,
57,A-1 (4 samples),,8/19/2023,N,-156.310068949702,20.77520348206471
58,House B1- Lambert,,8/19/2023,N,-156.3100438767612,20.775917541984814
59,C-1,,8/20/2023 12:17,,-156.3160481503733,20.75062900257708
60,D-1,,8/20/2023 13:12,,-156.32924824345878,20.759449263626045
61,E-1,,8/20/2023 14:00,,-156.3274993121623,20.759877313357464
62,F-1,,8/20/2023 15:53,,-156.2942813709767,20.819244464680686
63,G-1,,8/20/2023 16:12,N,,
64,H-1,,8/21/2023 16:22,N,,
65,S-1,,8/21/2023 14:55,,-156.66918623368363,20.88925680344629
66,T-1,,8/21/2023 7:54,,-156.3303450969194,20.74816999446128
67,U-1,,8/21/2023 16:19,,-156.68207469741537,20.90298424467905
68,V-1,,8/21/2023 16:53,,-156.68616300527722,20.899379266317247
69,W-1,,8/20/2023 20:44,,-156.32837593092404,20.763079001730908
70,X-1,,8/20/2023,,-156.33474557425768,20.779389321448225
71,Z-1 House top of hill,,8/20/2023,N,-156.2892826759439,20.81305757524721
72,Th-1,,,N,-156.36713377977532,20.687073793942503
73,Oprah,Tap Water,,N,,
74,Mid Tank 1st drain,,,N,-156.33517267530632,20.73839388657296
75,Mid Tank 2nd drain,,,N,-156.33220769377888,20.74143174688463
76,Well-1,,8/27/2023,N,-156.33446317426984,20.73890876300496
77,Well-2,,8/27/2023,N,-156.33494646615597,20.741248125565466
78,09-01-CKS-61,Tap Water,9/1/2023 16:19,,-156.6653821272505,20.88585855630624
79,09-01-CKS-62,Tap Water,9/1/2023 16:30,,-156.66399662911093,20.888177305968977
80,09-01-CKS-63,Tap Water,9/1/2023 17:03,,-156.66128536362226,20.854146517620517
81,09-01-CKS-64,Other,9/1/2023 17:07,,-156.65701775732725,20.850470193065618
82,9-1-23-Kellie-1,Tap Water,9/1/2023 13:22,,-156.35976418213676,20.711218145153666
83,9-1-23-Kellie-2,Tap Water,9/1/2023 14:54,,-156.30411075031125,20.77052937032333
84,9-1-23-Kellie-3,Tap Water,9/1/2023 14:57,,-156.2982020760462,20.770310620424794
85,9-8-KDP-1,Tap Water,9/8/2023 14:23,,-156.33009909318957,20.759986490760248
86,9-8-KDP-2,Tap Water,9/8/2023 14:33,,-156.32676922787005,20.76268681014842
87,9-8-KDP-3,Tap Water,9/8/2023 14:52,,-156.32698392493475,20.760175204153953
88,9-8-KDP-4,Tap Water,9/8/2023 15:10,,-156.3255582532213,20.759599175937062
89,09-11-KDP-1,Tap Water,9/11/2023 13:50,,,
90,09-11-KDP-2,Tap Water,9/11/2023 16:16,,-156.32367707511162,20.75831369083726
91,09-11-KDP-3,Tap Water,9/11/2023 16:32,,-156.3254757036579,20.758842263649044
92,9-12-CKS-1,Tap Water,9/12/2023 12:22,,-156.67911842981331,20.8987823672568
93,9-12-CKS-2,Tap Water,9/12/2023 12:38,,-156.67977962138497,20.899656919534664
94,9-12-CKS-3,Tap Water,9/12/2023 12:59,,-156.6851662672942,20.899148464648523
95,9-12-CKS-4,Tap Water,9/12/2023 13:10,,-156.68376897034523,20.899672005436738
96,09-12-KDP-1,Tap Water,9/12/2023 13:02,,-156.32309303536053,20.790270265047194
97,09-12-KDP-2,Tap Water,9/12/2023 13:42,,-156.31931243931209,20.78602894089597
98,09-12-KDP-3,Tap Water,9/12/2023 13:47,,-156.3250199630183,20.794934241699504
99,9-14-Cks-1,Tap Water,9/14/2023 12:02,,-156.68378150085456,20.882593482710945
100,9-14-CKS-2,Tap Water,9/14/2023 12:29,,-156.66619048648002,20.886476186785735
101,9-14-Cks-3,Tap Water,9/14/2023 13:07,,-156.68811590418926,20.899158524830767
102,9-14-CKS-4,Tap Water,9/14/2023 13:21,,-156.68194952786718,20.899976556157146
103,9-14-Cks-5,Tap Water,9/14/2023 14:23,,-156.6828151437989,20.89935454321592
104,09-14-Cks-6,Tap Water,9/14/2023 14:55,,-156.68766415306206,20.899936747144416
105,09-14-JJ-1,Tap Water,9/14/2023 15:56,,-156.32389196773306,20.817373975073387
106,09-14-JJ-2,Tap Water,9/14/2023 15:59,,-156.32425334272222,20.78511965592109
107,9-14-CKS-8,Tap Water,9/14/2023 16:44,,-156.68248492044978,20.901681809567965
108,09-14-JJ-3,Tap Water,9/14/2023 17:26,,-156.3224829139055,20.78892643259863
109,09-14-JJ-4,Tap Water Filtered,9/14/2023 17:27,,-156.32211449517573,20.789038652507912
110,09-14-KDP-1,Tap Water,9/15/2023 11:58,,-156.3367948829959,20.755818128161245
111,09-14-KDP-2,Tap Water,9/15/2023 12:15,,-156.33655802773964,20.7528669498037
112,09-14-KDP-3,Tap Water,9/15/2023 12:43,,-156.332830485825,20.74942824726691
113,09-14-KDP-4,Tap Water,9/15/2023 12:55,,-156.32932497191013,20.75177546504493
114,09-14-KDP-5,Tap Water,9/15/2023 13:00,,,
115,09-18-KDP-1,Tap Water,9/18/2023 4:05,,-156.30610817249118,20.775006220129224
116,09-19-KDP-1,Tap Water,9/19/2023 12:25,,-156.32636611961993,20.752472495219234
117,09-19-KDP-2,Tap Water Filtered,9/19/2023 12:26,,-156.3272765914259,20.75259090269746
118,09-18-KDP-2,Tap Water Filtered,9/18/2023 16:10,,-156.30509354310047,20.77782776353999
119,09-18-KDP-3,Pool/open water,9/18/2023 16:15,,-156.30653496232247,20.77588134997424
120,09-19-KDP-3,Tap Water,9/19/2023 13:33,,-156.3038741392996,20.7775222530463
121,09-19-KDP-4,Tap Water Filtered,9/19/2023 13:35,,-156.3036547191851,20.77503621499312
122,09-19-KDP-5,Tap Water Filtered,9/19/2023 13:37,,-156.30697170988938,20.774809972036447
123,09-22-KDP-3,Tap Water,9/22/2023 14:05,,-156.33000051982745,20.742373338296098
124,09-22-KDP-4,Tap Water,9/22/2023 14:47,,-156.30257829316412,20.76082968522613
125,09-22-KDP-5,Tap Water,9/22/2023 14:49,,-156.31004634330898,20.776577425494548
126,09-22-KDP-1,Tap Water,9/22/2023 14:50,,-156.30766567249626,20.7761457228626
127,09-22-KDP-2,Tap Water Filtered,9/22/2023 14:51,,-156.3103913387236,20.775230079061775
128,09-22-KDP-6,Tap Water,9/22/2023 15:10,,-156.30538656426992,20.761088403727513
129,09-22-KDP-7,Tap Water,9/22/2023 15:37,,-156.30943828562022,20.758334373148614
130,09-22-KDP-8,Tap Water Filtered,9/22/2023 15:39,,-156.30869502594115,20.76081247028633
131,09-22-KDP-9,Tap Water Filtered,9/22/2023 16:11,,-156.30701884449365,20.762248349125343
132,09-22-KDP-10,Tap Water Filtered,9/22/2023 16:12,,-156.30951136018248,20.758882391474373
133,09-25-KDP-1,Tap Water Filtered,9/25/2023 14:12,,-156.30609588704945,20.760341537721686
134,09-25-KDP-2,Tap Water,9/25/2023 14:30,,-156.30410401457613,20.757248020762564
135,09-25-KDP-3,Tap Water,9/25/2023 15:10,,-156.31185576712699,20.776157989736866
136,09-25-KDP-4,Tap Water Filtered,9/25/2023 15:11,,-156.30884683631874,20.773073262905886
137,09-25-KDP-5,Tap water,9/25/2023 15:29,,-156.3068591635966,20.776073642528793
138,09-25-KDP-6,Tap Water Filtered,9/25/2023 15:31,,-156.3072862319585,20.773937419032976
139,09-26-JI-1,Tap Water,9/26/2023 9:37,,-156.6798058580765,20.90164500256297
140,09-26-JI-2,Control,9/26/2023 9:44,,-156.6825937235104,20.898552931390384
141,09-26-JI-3,Tap Water,9/26/2023 10:00,,-156.68308214192507,20.899231188997284
142,09-26-JI-4,Tap Water,9/26/2023 10:10,,-156.6826483035621,20.89946954237238
143,09-26-JI-5,Tap Water,9/26/2023 10:22,,-156.68171666723208,20.902454047252984
144,09-26-JI-6,Tap Water,9/26/2023 10:32,,-156.6828762046403,20.900859625245687
145,9-26-JI-7,Other,9/26/2023 10:47,,-156.68290012695658,20.898724451631747
146,9-26-JI-8,,9/26/2023 10:49,,-156.68375865193985,20.899211031665295
147,9-29-JES-1,Tap Water,9/26/2023 13:18,,-156.6888709803574,20.951550126447163
148,9-26-JES-2,Tap Water,9/26/2023 14:08,,-156.684703029343,20.956121861057326
149,09-26-JES-3,Tap Water Filtered,9/26/2023 14:14,,-156.68487012815535,20.956687324607714
150,09-26-KDP-1,Tap Water,9/26/2023 14:20,,-156.30522978863004,20.759231884832634
151,09-26-KDP-2,Tap Water,9/26/2023 16:25,,-156.31295924976445,20.779615149567807
152,09-26-KDP-3,Tap Water Filtered,9/26/2023 16:26,,-156.3103198461624,20.780287279171695
153,09-27-KDP-1,Tap Water,9/27/2023 16:33,,-156.3316149091942,20.74394816196412
154,09-27-KDP-2,Tap Water Filtered,9/27/2023 16:34,,-156.32953892809994,20.747705216445716
155,09-27-KDP-3,Tap Water,9/27/2023 16:37,,-156.31042821889113,20.78218790893838
156,09-27-KDP-4,Tap Water Filtered,9/27/2023 16:38,,-156.3105393707039,20.781332029731374
157,09-27-KDP-5,Tap Water Filtered,9/27/2023 16:39,,-156.31042437962392,20.78182763342877
158,09-27-KDP-6,Tap Water,9/27/2023 16:51,,-156.30776961402347,20.7810394608859
159,09-27-KDP-8,Tap Water,9/27/2023 17:14,,-156.3085196144202,20.774053945513472
160,09-27-KDP-7,Tap Water,9/27/2023 18:04,,-156.3097899247755,20.777283959696575
161,09-27-KDP-9,Tap Water,9/27/2023 18:06,,-156.31233328788517,20.776262641054075
162,09-27-KDP-10,Tap Water,9/27/2023 18:10,,-156.30930703631782,20.77629332802315
163,10-02-23-JI-01,Tap Water,10/2/2023 11:20,,-156.68505719802187,20.900247217047827
164,10-02-23-JI-02,Tap Water,10/2/2023 11:35,,-156.6836564186129,20.9012907164935
165,10-02-23-JI-03,Tap Water,10/2/2023 11:51,,-156.68027978376273,20.90179632924139
166,10-02-23-JI-04,Tap Water Filtered,10/2/2023 12:02,,-156.68224612650351,20.898036716681215
167,10-02-KDP-1,Tap Water,10/2/2023 15:20,,-156.3081030999486,20.78021303973954
168,10-02-KDP-2,Tap Water Filtered,10/2/2023 16:09,,-156.30554484759932,20.774972323575835
169,10-02-KDP-3,Tap Water Filtered,10/2/2023 16:10,,-156.30925225905827,20.771089975436954
170,10-02- KDP-4,Tap Water,10/2/2023 16:12,,-156.30570531655928,20.77460857909271
171,10-02-KDP-5,Tap  Water ,10/2/2023 16:30,,-156.31849793080733,20.77967650330039
172,10-02-KDP-6,Tap Water,10/2/2023 16:49,,-156.3183888069231,20.783052982133896
173,10-02-KDP-7,Tap Water Filtered,10/2/2023 16:51,,-156.31678308604407,20.783294866926312
174,10-2-KDP-8,Tap Water,10/2/2023 17:05,,-156.31910102758934,20.77958289882946
175,10-02-KDP-9,Tap Water,10/2/2023 17:18,,-156.31991673932856,20.78204116827355
176,10-02-KDP-10,Tap Water,10/2/2023 18:39,,-156.30056951095952,20.77876187552372
177,10-02-KDP-11,Tap Water Filtered,10/2/2023 18:40,,-156.30150382663015,20.775178698828388
178,10-03-23-JI-01,Tap Water,10/3/2023 10:55,,-156.68175077921893,20.89907455323015
179,10-03-23-JI-02,Tap Water,10/3/2023 11:12,,-156.6816816577668,20.902004807393123
180,10-03-23-JI-03,Tap Water,10/3/2023 11:25,,-156.67944332271688,20.898360665651715
181,10-03-23-JI-04,Tap Water,10/3/2023 11:38,,-156.67898149423291,20.899377939660873
182,10-03-23-Jl-05,Tap Water,10/3/2023,,-156.68302017912282,20.901789218205717
183,10-03-JES-4,Tap Water Filtered,10/3/2023 11:45,,-156.6802916379398,20.959081054355426
184,10-03-JES-5,Tap Water,10/3/2023 11:46,,-156.6835456540665,20.961769531456692
185,10-03-JES-6,Tap Water,10/3/2023 12:09,,-156.67145448574362,20.985758201697394
186,10-03-JES-7,Tap Water Filtered,10/3/2023 12:15,,-156.67093167931012,20.98317775957926
187,10-03-JES-8,Tap Water Filtered,10/3/2023 13:05,,-156.6598077587079,20.986223865634912
188,10-03-JES-9,Tap Water,10/3/2023 13:06,,-156.65913872363944,20.98562093979735
189,10-03-JES-10,Tap Water,10/3/2023 14:01,,-156.63588026811075,20.85105223433993
190,10-03-JES-11,Tap Water Filtered,10/3/2023 14:02,,-156.6356565652536,20.85044321421141
191,10-03-JES-12,Tap Water Filtered,10/3/2023 14:28,,-156.632239288684,20.8522575696253
192,10-03-JES-13,Tap Water,10/3/2023 14:30,,-156.63172079542358,20.85297892554815
193,10-03-JES-14,Tap Water,10/3/2023 15:07,,-156.6761080532745,20.877280062685948
194,10-03-JES-17,Tap Water Filtered,10/3/2023 16:23,,-156.6895468364159,20.945319212575754
195,10-03-JES-16,Tap Water,10/3/2023 16:24,,-156.68492980998806,20.947448036232977
196,10-04-JES-18,Tap Water Filtered,10/4/2023 10:16,,-156.69069998822928,20.94542408387332
197,10-04-JES-19,Tap Water,10/4/2023 10:17,,-156.68957799071438,20.949092937619522
198,10-04-JES-20,Tap Water Filtered,10/4/2023 10:59,,-156.68279651285903,20.901009714700333
199,10-04-JES-21,Tap Water,10/4/2023 11:01,,-156.67905038686746,20.902172869582746
200,10-04-JES-22,Tap Water,10/4/2023 12:11,,-156.67962884880956,20.886943984647267
201,10-04-JES-23,Tap Water Filtered,10/4/2023 12:17,,-156.6800222375165,20.886471966573644
202,10-04-JES-24,Tap Water Well,10/4/2023 13:00,,-156.638258963122,20.843717218250912
203,10-04-JES-25,Tap Water,10/4/2023 13:12,,-156.63842594566782,20.84324266214437
204,10-04-KDP-1,Tap Water,10/4/2023 13:24,,-156.31506063721784,20.78387492033688
205,10-04-KDP-2,Tap Water Filtered,10/4/2023 13:26,,-156.31481112620605,20.78191759436222
206,10-04-KDP-3,Tap Water,10/4/2023 14:36,,-156.3245231822795,20.79238304360185
207,10-04-KDP-4,Tap Water,10/4/2023 14:38,,-156.304242936401,20.777183527677145
208,10-04-JES-26,Tap Water,10/4/2023 15:07,,-156.66726680928178,20.884028943497157
209,10-04-JES-27,Other,10/4/2023 15:10,,-156.66657392923275,20.881425724678582
210,10-04-KDP-5,Tap Water,10/4/2023 15:16,,-156.30961047070096,20.77904691481191
211,10-04-KDP-6,Tap Water Filtered,10/4/2023 15:17,,-156.30653140611503,20.77525069524639
212,10-04-KDP-7,Tap Water,10/4/2023 15:19,,-156.3171205355487,20.783717039518955
213,10-9-23-JI-01,Tap Water,10/9/2023 9:29,,-156.66720546824237,20.884359471292942
214,10-9-23-JI-02,Tap Water,10/9/2023 10:04,,-156.6848553361539,20.901375867874336
215,10-9-23-JI-03,Tap Water,10/9/2023 10:27,,-156.6844397739525,20.898979772091366
216,10-9-23-JI-04,Tap Water,10/9/2023 10:51,,-156.6800713353857,20.90334551861222
217,10-3-23-JI-05,Tap Water,10/9/2023 11:44,,-156.67916124024188,20.902366634999733
218,10-10-23-JI-01,Tap Water,10/10/2023 8:09,,-156.68249377880284,20.903485596950993
219,10-10-23-JI-02,Tap Water,10/10/2023 8:22,,-156.68278633883435,20.89829713927684
220,10-10-23-JI-03,Tap Water,10/10/2023 8:31,,-156.67811782091087,20.901598179091643
221,10-10-23-JI-04,Tap Water,10/10/2023 8:48,,-156.67674405993236,20.879582083523633
222,10-10-23-JI-05,Tap Water,10/10/2023 9:13,,-156.6824287954716,20.899398109852296
223,10-12-23-JI-01,Tap Water,10/12/2023 12:09,,-156.6795360079271,20.902359371076294
224,10-12-23-JI-02,Tap Water,10/12/2023 12:23,,-156.68208693833765,20.90116364641351
225,10-12-23-JI-03,Tap Water,10/12/2023 12:31,,-156.68396019779937,20.90050847458324
226,10-12-23-JI-04,Tap Water,10/12/2023 12:53,,-156.68245403108236,20.898972828536664
227,10-13-23-JI-01,Tap Water,10/13/2023 8:06,,-156.67883213853136,20.89892045732548
228,10-13-23-JI-02,Tap Water,10/13/2023 8:29,,-156.684016195428,20.902312184130626
229,10-13-23-JI-03,Tap Water,10/13/2023 8:48,,-156.68046399572364,20.889277232186373
230,10-13-23-JI-04,Tap Water,10/13/2023 9:31,,-156.6655184674923,20.885717651511474
231,10-13-23-JI-05,Tap Water,10/13/2023 9:33,,-156.66433462725746,20.88620487674171
232,10-17-KDP-1,Tap Water,10/17/2023 14:33,,-156.3131021184972,20.762051490828462
233,10-17-KDP-2,Tap Water,10/17/2023 14:48,,-156.30502895690674,20.762765761600782
234,10-17-JES-01,Tap Water,10/17/2023 16:12,,-156.68046387415356,20.898788310990533
235,10-17-JES-02,Tap Water Filtered,10/17/2023 16:14,,-156.68239230571473,20.901783109031342
236,10-17-KDP-3,Tap Water Filtered,10/17/2023 16:32,,-156.30186290302265,20.766182231160062
237,10-17-KDP-4,Tap Water,10/17/2023 16:34,,-156.29903019278458,20.768980744002956
238,10-17-KDP-5,Tap Water Filtered,10/17/2023 16:35,,-156.30236950395033,20.768998755463155
239,10-17-JES-03,Tap Water,10/17/2023 17:18,,-156.6814254983103,20.901984228656083
240,10-17-JES-04,Tap Water,10/17/2023 17:20,,-156.68532740337062,20.884354090351792
241,10-17-JES-05,Tap Water Filtered,10/17/2023 17:21,,-156.6823742185659,20.88135717551371
242,10-17-JES-06,Tap Water,10/17/2023 17:40,,-156.6806178233384,20.885058882887808
243,10-17-JES-07,Tap Water,10/17/2023 17:59,,-156.68274877527702,20.883873998606234
244,10-17-JES-08,Tap Water Filtered,10/17/2023 21:24,,-156.6855755554179,20.880978713805472
245,10-18-23-JI-01,Tap Water,10/18/2023 7:57,,-156.68427587754422,20.90027549342564
246,10-18-KDP-1,Tap Water,10/18/2023 13:49,,-156.30384469437482,20.771992545771553
247,10-18-KDP-2,Tap Water,10/18/2023 13:50,,-156.3077128577463,20.769672073272968
248,10-18-KDP-3,Tap Water Filtered,10/18/2023 13:52,,-156.30987939541734,20.770230666449997
249,10-18-KDP-4,Tap Water,10/18/2023 14:54,,-156.314833321769,20.779113742563926
250,10-18-KDP-5,Tap Water,10/18/2023 14:57,,-156.31378763239096,20.779370511362195
251,10-18-KDP-6,Tap Water,10/18/2023 15:00,,-156.3140838266682,20.784021515239548
252,10-18-KDP-7,Tap Water,10/18/2023 15:02,,-156.31408746557156,20.78292843839377
253,10-20-23-JI-01,Tap Water,10/20/2023 20:30,,-156.68194631781387,20.89993473887312
254,10-20-23-JI-02,Tap Water,10/20/2023 20:35,,-156.67889810160878,20.902673812294765
255,10-20-23-JI-03,Pool/open water,10/20/2023 20:38,,-156.68253508635271,20.901812189239667
256,10-20-23-JI-04,filtered shower water,10/20/2023 20:38,,-156.6823904014967,20.899075691147704
257,10-20-23-JI-05,unfiltered shower water,10/20/2023 20:38,,-156.68479511626197,20.89830893218843
258,10-20-CKS-1,Tap Water,10/20/2023 22:02,,-156.31594879812496,20.940222150437855
259,10-20-CKS-2,Tap Water Filtered,10/20/2023 22:02,,-156.3154338938545,20.938221038753152
260,10-20-CKS-3,Tap Water Filtered,10/20/2023 22:03,,-156.31503080343793,20.94064244411831
261,10-21-23-JI-01,Tap Water,10/21/2023 8:15,,-156.682389212186,20.90197842934677
262,10-23-23-JI-01,Tap Water Filtered,10/23/2023 13:58,,-156.68449336817213,20.900590175888414
263,10-24-KDP-1,Tap Water,10/24/2023 12:56,,-156.31031942492564,20.75798283196629
264,10-24-KDP-2,Tap Water,10/24/2023 13:06,,-156.3087800777211,20.756554942859147
265,10-24-KDP-3,Tap Water,10/24/2023 13:35,,-156.30828124778128,20.758620031015433
266,10-24-KDP-4,Tap Water,10/24/2023 14:08,,-156.31261767738636,20.75270510565518
267,10-24-KDP-5,Tap Water Filtered,10/24/2023 14:09,,-156.31249447173374,20.75357324121995
268,10-24-KDP-6,Tap Water Filtered,10/24/2023 14:11,,-156.31560030346913,20.75604836628283
269,10-24-KDP-7,Tap Water,10/24/2023 14:34,,-156.31473865048795,20.756592059920152
270,10-24-KDP-8,Tap Water Filtered,10/24/2023 14:36,,-156.31587251598086,20.757456251329597
271,10-25-KDP-1,Tap Water,10/25/2023 12:26,,-156.30993629276176,20.756950516365833
272,10-25-KDP-2,Tap Water Filtered,10/25/2023 12:27,,-156.307273316219,20.75714365975825
273,10-25-KDP-3,Tap Water Filtered,10/25/2023 12:29,,-156.30693508944998,20.753166311233592
274,10-25-KDP-4,Tap Water,10/25/2023 13:32,,-156.30899680349853,20.776425169996465
275,10-25-KDP-5,Other,10/25/2023 13:35,,-156.31225842726317,20.779755598091196
276,10-25-KDP-6,Tap Water,10/25/2023 13:37,,-156.30972524218961,20.779032377790333
277,10-27-23-JI-01,Tap Water,10/27/2023 13:32,,-156.6809057201742,20.899025713423917
278,10-27-23-JI-02,Tap Water,10/27/2023 13:34,,-156.68417231499288,20.898586213376788
279,10-27-23-JI-03,Tap Water,10/27/2023 19:31,,-156.68056212098884,20.898291775024703
280,10-28-JES-01,Tap Water Filtered,10/28/2023 14:46,,-156.68211001888818,20.898419605934443
281,10-28-JES-02,Tap Water,10/28/2023 14:55,,-156.68073812537583,20.886538257094312
282,10-28-JES-03,Tap Water,10/28/2023 15:27,,-156.66670554668084,20.885233278505623
283,10-28-JES-04,Tap Water,10/28/2023 15:54,,-156.66873205282488,20.88689688476252
284,10-28-JES-05,Tap Water,10/28/2023 16:21,,-156.66745484508488,20.88546647988568
285,10-28-JES-06,Tap Water,10/28/2023 16:56,,-156.6658295635044,20.88464911822585
286,10-28-JES-07,Tap Water,10/28/2023 17:21,,-156.68168978435506,20.90237335765433
287,10-28-JES-08,Tap Water,10/28/2023 17:38,,-156.68327277689488,20.898387223404946
288,11-6-KDP-1,Tap Water,11/6/2023 13:19,,-156.326565237604,20.785213707378244
289,11-6-KDP-2,Tap Water,11/6/2023 13:21,,-156.32299141045905,20.78804345108126
290,11-6-KDP-3,Tap Water Filtered,11/6/2023 13:22,,-156.3234157591878,20.7850879782367
291,11-6-KDP-4,Tap Water,11/6/2023 13:43,,-156.32383513507614,20.785892145405622
292,11-6-KDP-5,Tap Water Filtered,11/6/2023 14:34,,-156.3288956847232,20.759362212103696
293,11-6-KDP-6,Tap Water Filtered,11/6/2023 14:37,,-156.32631372594696,20.762738112770844
294,11-6-KDP-7,Tap Water,11/6/2023 14:40,,-156.32863365145542,20.762027733049802
295,11-7-KDP-1,Tap Water,11/7/2023 12:30,,-156.32263736251633,20.751534421132042
296,11-7-KDP-2,Tap Water Filtered,11/7/2023 12:32,,-156.32314205044415,20.755706554404735
297,11-7-KDP-3,Tap Water,11/7/2023 13:03,,-156.32317895435813,20.756076661269276
298,11-7-KDP-4,Tap Water Filtered,11/7/2023 13:04,,-156.32667876449028,20.75559847211139
299,11-07-CKS-1,Tap Water,11/7/2023 13:09,,,
300,11-07�??CKS-2,Tap Water Filtered,11/7/2023 13:18,,,
301,11-07�??CKS-3,Tap Water Filtered,11/7/2023 13:18,,,
302,11-07-CKS-4,Tap Water,11/7/2023 13:43,,-156.3060616359389,20.90614422244544
303,11-07-CKS-05,Tap Water Filtered,11/7/2023 14:08,,-156.31918037318707,20.931159893132744
304,11-07-CKS-6,Tap Water Filtered,11/7/2023 15:22,,-156.31509373909537,20.93387720679603
305,11-07-CKS-7,Tap Water,11/7/2023 15:27,,-156.279197891112,20.922555818187348
306,11-6-KDP-9,Tap Water,11/7/2023 15:51,,-156.318663106084,20.780384064808523
307,11-6-KDP-10,Tap Water Filtered,11/7/2023 15:52,,-156.31575318707556,20.7800051697204
308,11-8-KDP-1,Tap Water,11/8/2023,,-156.3107966621814,20.7758121110248
309,11-8-KDP-2,Tap Water Filtered,11/8/2023,,-156.31057009294432,20.779366183535764
310,11-8-KDP-3,Tap Water Filtered,11/8/2023,,-156.30733420525158,20.779189944167168
311,11-9-23-JI,Tap Water,11/9/2023 7:04,,-156.67909776940698,20.899498641516345
312,11-9-23-JI-05,Tap Water Filtered,11/9/2023 10:56,,-156.65945606384145,21.005435057239616
313,11-9-23-JI-04,Tap Water,11/9/2023 10:54,,-156.6560970152778,21.00467269364312
314,11-9-23-JI-03,Tap Water,11/9/2023 10:58,,-156.68736367785044,20.88289883862424
315,11-9-23-JI-02,Tap Water,11/9/2023 11:15,,-156.67977312609457,20.89867966770192
316,11-9-23-JI-01,Tap Water Filtered,11/9/2023 11:14,,-156.68250916675134,20.89879669739224
317,11-9-KDP-1,Tap Water,11/10/2023 11:44,,-156.3179744719281,20.751613100135227
318,11-9-KDP-2,Tap Water Filtered,11/10/2023 11:46,,-156.32000612546344,20.751786236674967
319,11-9-KDP-3,Tap Water,11/9/2023,,-156.3203137072489,20.754336781084394
320,11-9-KDP-4,Tap Water,11/9/2023,,-156.30683833833285,20.779222656363636
321,11-9-KDP-5,Tap Water,11/9/2023,,-156.3100433806728,20.778040180914907
322,11-9-KDP-6,Tap Water Filtered,11/9/2023,,-156.31083055540438,20.77907183669526
323,11-9-KDP-7,Tap Water Filtered,11/9/2023,,-156.31083363306345,20.778690686058862
324,11-13-23-JI-14,Tap Water,11/13/2023 14:40,,-156.68571732491787,20.881610739150926
325,11-13-23-JI-13,Tap Water,11/13/2023 14:40,,-156.68290970955368,20.88515345422056
326,11-13-23-JI-12,tap filtered water,11/13/2023 14:43,,-156.68175387565768,20.88140123112448
327,11-13-23-JI-11,Tap Water,11/13/2023 14:43,,-156.6846915581016,20.88089934783019
328,11-13-23-JI-10,Tap Water,11/13/2023 14:48,,-156.68291905718468,20.88183079169555
329,11-13-23-JI-09,Tap Water,11/13/2023 14:48,,-156.68359508111757,20.885750782024225
330,11-13-23-JI-08,Tap Water,11/13/2023 14:50,,-156.6864361369807,20.88141957312677
331,11-13-23-JI-07,Tap Water,11/13/2023 14:50,,-156.68295776886512,20.88265388455645
332,11-13-23-JI-06,Tap Water,11/13/2023 14:53,,-156.68592584323991,20.880974156678985
333,11-13-23-JI-05,Tap Water,11/13/2023 14:53,,-156.68528446147494,20.88497884831315
334,11-13-23-JI-04,Tap Water,11/13/2023 14:55,,-156.68299053807272,20.880657137806484
335,11-13-23-JI-03,Tap Water,11/13/2023 14:55,,-156.68538432339358,20.884531889403636
336,11-13-23-JI-02,Tap Water,11/13/2023 14:57,,-156.6844678990579,20.88382000480327
337,11-13-23-JI-01,Tap Water,11/13/2023 14:57,,-156.68658832047853,20.884491476681976
338,11-13-KDP-1,Tap Water Filtered,11/13/2023,,-156.32000952091045,20.75281836100246
339,11-13-KDP-1,Tap Water Filtered,11/13/2023,,-156.31981986946045,20.75072431054769
340,11-15-KDP-1,Tap Water,11/15/2023 16:22,,-156.31725860566385,20.75487769699781
341,11-15-KDP-2,Tap Water Filtered,11/15/2023 16:23,,-156.31857744221816,20.754421532939016
342,11-15-KDP-3,Tap Water,11/15/2023 16:25,,-156.31992113740594,20.746070143697683
343,11-15-KDP-4,Tap Water Filtered,11/15/2023 16:26,,-156.32013801939385,20.746284141217036
344,11-15-KDP-5,Tap Water,11/15/2023 16:54,,-156.31488754458758,20.741074164595833
345,11-15-KDP-6,Tap Water Filtered,11/15/2023 16:56,,-156.31403038668432,20.74176841036666
346,11-15-KDP-7,Tap Water,11/15/2023 17:15,,-156.31338149329778,20.740796196699318
347,11-15-KDP-8,Tap Water,11/15/2023 18:19,,-156.30528211832157,20.749036352958655
348,11-15-KDP-9,Tap Water Filtered,11/15/2023 18:21,,-156.30549805861622,20.748838059319606
349,11-15-KDP-10,Tap Water Filtered,11/15/2023 18:23,,-156.3081468880483,20.746077682077445
350,11-15-KDP-11,Tap Water Filtered,11/15/2023 18:24,,-156.3090041057219,20.74795918479678
351,11-16-KDP-1,Tap Water,11/16/2023 13:36,,-156.3170130476685,20.75050283876278
352,11-16-KDP-2,Tap Water Filtered,11/16/2023 13:37,,-156.31643768087622,20.750426827031838
353,11-16-KDP-3,Tap Water,11/16/2023 13:38,,-156.3175813022079,20.747069639805954
354,11-16-KDP-4,Tap Water,11/17/2023 6:54,,-156.3122829577971,20.75095574125327
355,11-16-KDP-5,Tap Water,11/17/2023 7:00,,-156.3209581304714,20.75305477527654
356,11-16-KDP-6,Tap Water,11/17/2023 7:12,,-156.31729941534977,20.743095437488154
357,11-17-23-JI-04,Tap Water,11/17/2023 10:04,,-156.68241637933818,20.884772649405598
358,11-17-23-JI-03,Tap Water,11/17/2023 10:04,,-156.68455373685498,20.883186030179125
359,11-17-23-JI-02,tap filtered water,11/17/2023 10:06,,-156.68263663554242,20.899295359739547
360,11-17-23-JI-01,Tap Water,11/17/2023 10:06,,-156.6793120347368,20.90153580019982
361,11-17-23-JI-06,Tap Water,11/17/2023 14:44,,-156.67914130360623,20.902186387282796
362,11-17-23-JI-05,Tap Water,11/17/2023 14:44,,-156.67854146987622,20.902501192913153
363,11-18-23-JI-08,Tap Water,11/18/2023 11:46,,-156.68359980040663,20.881149925986325
364,11-18-23-JI-14,Tap Water filtered,11/18/2023 11:50,,-156.68036690379566,20.899263496777188
365,11-18-23-JI-15,Tap,11/18/2023 11:50,,-156.67903520106066,20.89926384160294
366,11-18-23-JI-12,Tap Water,11/18/2023 11:55,,-156.68191113785875,20.900079743634205
367,11-18-23-JI-13,filtered shower water,11/18/2023 11:55,,-156.68444970213022,20.903023428449853
368,11-18-23-JI-11,Tap Water Filtered,11/18/2023 11:59,,-156.68360706152785,20.899005804443487
369,11-18-23-JI-01,Tap Water,11/18/2023 12:01,,-156.6694269857584,20.883273902743955
370,11-18-23-JI-07,Tap Water,11/18/2023 12:01,,-156.66926204339305,20.883792188973487
371,11-18-23-JI-06,Tap Water filtered shower and whole house filter,11/18/2023 12:18,,-156.67992999274912,20.896149964941493
372,11-18-23-JI-09,Tap water whole house filtration system,11/18/2023 12:18,,-156.68062155455888,20.900386014031454
373,11-18-23-JI-10,Tap Water whole house filtration system,11/18/2023 12:20,,-156.68296150003118,20.899779606942097
374,11-18-23-JI-05,fridge,11/18/2023 12:20,,-156.67893050706653,20.896041536739787
375,11-18-23-JI-04,shower filter with whole house filtration,11/18/2023 12:20,,-156.68219435544498,20.897590970947682
376,11-18-23-JI-03,Tap Water,11/18/2023 12:22,,-156.6790081749416,20.8961232656283
377,11-21-KDP-1,Tap Water,11/21/2023,,,
378,11-21-KDP-2,Tap Water,11/21/2023,,-156.32051413463844,20.736415082740987
379,11-21-KDP-3,Tap Water Filtered,11/21/2023,,-156.31947119966637,20.733239525671447
380,11-21-KDP-4,Tap Water,11/21/2023,,-156.32600044357144,20.737644548866584
381,11-22-KDP-1,Tap Water,11/22/2023,,-156.32614823219797,20.742231777707683
382,11-22-KDP-2,Tap Water,11/22/2023,,-156.32869755900484,20.737294298352047
383,11-22-KDP-3,Tap Water Filtered,11/22/2023,,-156.3294092033464,20.741131304683712
384,11-22-KDP-4,Tap Water,11/22/2023,,-156.3067733857372,20.761586277384968
385,11-26-KDP-5,,,,,
386,11-26-KDP-9,,,,,
387,12-8-KDP-1,Tap Water,12/8/2023 15:27,,-156.3289481649514,20.73718781316039
388,12-8-KDP-2,Tap Water,12/8/2023 16:09,,-156.3286345575641,20.789776194418025
389,12-8-KDP-3,Tap Water Filtered,12/8/2023 16:11,,-156.32505700651996,20.78638186390621
390,12-4-KDP-1,Tap Water,12/8/2023 22:22,,-156.31073123222447,20.776151273980314
391,12-6-KDP-1,Tap Water,12/8/2023 22:24,,-156.30778462083072,20.777669430098772
392,12-8-KDP-4,Tap Water,12/8/2023 22:32,,-156.32811082856324,20.789107976161123
393,12-8-KDP-5,Tap Water Filtered,12/8/2023 22:34,,-156.32774690326445,20.785994488873744
394,12-8-KDP-6,Tap Water Filtered,12/8/2023 22:35,,-156.3279370390995,20.78612559130367
395,12-8-KDP-7,Other,12/8/2023 22:37,,-156.32754865941473,20.790343940284558
396,12-8-KDP-8,Tap Water,12/8/2023 22:39,,-156.32843870523786,20.787069461924084
397,7755 Kula Hwy Kula Hi 96790 United States,Tap Water Filtered,12/8/2023 22:41,,-156.3254231166504,20.788833480862888
398,12-12-23-JI-04,Tap Water,12/12/2023 9:02,,-156.68483083622343,20.880892815448004
399,12-12-23-JI-05,Tap Water Filtered,12/12/2023 9:04,,-156.68210554765875,20.884189381462587
400,12-12-23-JI-06,Tap Water Filtered,12/12/2023 9:06,,-156.68126884593178,20.884305720589428
401,12-12-23-JI-01,Tap Water Filtered,12/12/2023 9:10,,-156.68670283679558,20.88509375558317
402,12-12-23-JI-02,Tap Water,12/12/2023 9:11,,-156.68574345264994,20.885214914624754
403,12-13-23-JI-01,Tap Water Filtered,12/13/2023 13:52,,-156.68366992608293,20.884431526646996
404,12-13-23-JI-02,Tap Water,12/13/2023 13:55,,-156.6817067330056,20.88450079626948
405,12-13-23-JI-03,Tap Water,12/13/2023 13:57,,-156.68192754040396,20.884971132259377
406,12-14-23-JI-01,Tap Water,12/14/2023 11:04,,-156.68500387447403,20.9521407700184
407,12-14-23-JI-02,Tap Water,12/14/2023 11:07,,-156.66240118524613,20.88736341024209
408,12-14-23-JI-03,Tap Water,12/14/2023 11:08,,-156.6661805019632,20.88497758855747
409,12-28-23-JI-01,Pool/open water,12/28/2023 9:31,,-156.68403719631053,20.882626743998024
410,12-28-23-JI-02,Tap Water,12/29/2023 15:06,,-156.68416235100392,20.88292108721273
411,12-28-23-JI-03,Tap Water Filtered,12/29/2023 15:08,,-156.68291103081958,20.880152405124857
412,12-28-23-JI-04,Pool/open water,12/29/2023 15:11,,-156.6749775393984,20.865171149400553
413,12-28-23-JI-05,Tap Water Filtered,12/29/2023 15:16,,-156.68300165638394,20.898005730323327
414,12-28-23-JI-06,Tap Water Filtered,12/29/2023 15:17,,-156.6795776019072,20.897088177476085
415,12-28-23-JI-07,Tap Water,12/29/2023 15:18,,-156.6797695917545,20.90038851655988
416,12-29-23-JI-01,Tap Water Filtered,12/29/2023 15:21,,-156.6828661378108,20.88330504875006
417,12-29-23-JI-02,Tap Water Filtered,12/29/2023 15:22,,-156.68369229496196,20.87952475002999
418,01-03-KDP-1,Tap Water Filtered,1/3/2024 13:31,,-156.31225581527312,20.781017493793012
419,01-03-KDP-2,Tap Water,1/3/2024 14:15,,-156.31587005776055,20.781676653504505
420,01-03-KDP-3,Other,1/3/2024 14:30,,-156.30677205545376,20.779074350666964
421,01-04-KDP-1,Tap Water,1/4/2024 16:45,,-156.3070647103928,20.77611547148671
422,01-04-KDP-2,Tap Water,1/4/2024 17:02,,-156.30841183988326,20.7769742312237
423,01-04-KDP-3,Tap Water,1/4/2024 23:15,,-156.3051491724726,20.772944688351963
424,01-04-KDP-4,Tap Water,1/4/2024 23:16,,-156.3078792921424,20.775148291680264
425,01-04-KDP-5,Tap Water,1/4/2024 23:17,,-156.30873891419697,20.7752585374685
426,01-04-KDP-6,Tap Water,1/4/2024 23:18,,-156.30753813735063,20.774402617165546
427,1-04-24-JI-01,Tap Water,1/8/2024 9:56,,-156.66727895074135,20.885764206357166
428,Fridge Blank,,,,,
429,Cooler Blank,,,,,
430,LLH240110-1,,1/10/2024,,,
431,LLH240110-2,,1/10/2024,,,
432,LPS240110-1,,1/10/2024,,,
433,LPS240110-2,,1/10/2024,,,
434,PFF240110-1,,1/10/2024,,,
435,PFF240110-2,,1/10/2024,,,
436,RWA240110-1,,1/10/2024,,,
437,LMT240110-1,,1/10/2024,,,
438,01-19-KDP-01,Tap Water Filtered,1/19/2024,,-156.28767546562372,20.813057126833595
439,01-19-KDP-02,Tap Water,1/19/2024,,-156.27801071288778,20.82220290167823
440,01-19-KDP-03,Tap Water,1/19/2024,,-156.28810519142445,20.834861808759996
441,01-19-KDP-04,Tap Water Filtered,1/19/2024,,-156.29028335635564,20.838756002388326
442,01-19-KDP-05,Tap Water,1/19/2024,,-156.28717168994012,20.83519515934867
443,01-19-KDP-06,Tap Water Filtered,1/19/2024,,-156.29027850977891,20.835917538050698
444,01-19-KDP-07,Tap Water,1/19/2024,,-156.29305792409633,20.840320885065065
445,01.26.KDP.01,Tap Water Filtered,1/26/2024,,-156.30995007590172,20.76666060437497
446,01.26.KDP.02,Tap Water,1/26/2024,,-156.31012867336162,20.766816223524177
447,01.26.KDP.03,Tap Water,1/26/2024,,-156.317887320886,20.77948421555592
448,01.26.KDP.04,Tap Water Filtered,1/26/2024,,-156.31758679709134,20.77959746036165
449,01.26.KDP.05,Tap Water,1/26/2024,,-156.3257379898008,20.760815264725967
450,01.26.KDP.06,Tap Water Filtered,1/26/2024,,-156.32601817987043,20.75980855231292
451,02-02-KDP-01,Tap Water,2/2/2024,,-156.29328558838696,20.821421358815382
452,02-02-KDP-02,Tap Water Filtered,2/2/2024,,-156.2925651224415,20.822052185893153
453,02-02-KDP-03,Tap Water,2/2/2024,,-156.32995553253056,20.8224802284623
454,02-02-KDP-04,Tap Water,2/2/2024,,-156.3371567971559,20.838754596076146
455,02-02-KDP-05,Tap Water Filtered,2/2/2024,,-156.3369248344325,20.842655781127682
456,02-02-KDP-06,Tap Water Filtered,2/2/2024,,-156.33402707506025,20.84230399827747
457,02-02-KDP-07,Tap Water Filtered,2/2/2024,,-156.33336166507132,20.842354375341696
458,1-04-24-JI-01,Tap Water,1/8/2024 9:56,,-156.66775898215357,20.886526041141092
459,02-01-24-JI-01,Tap Water,2/14/2024 8:53,,-156.67966728364834,20.899675159605
460,02-01-24-JI-02,Tap Water Filtered,2/14/2024 9:03,,-156.67986210442692,20.899292514484866
461,02-13-24-JI-01,Tap Water,2/14/2024 9:06,,-156.68770523512384,20.92185058282619
462,02-13-24-JI-02,Tap Water Filtered,2/14/2024 9:08,,-156.68778905141426,20.921604971039937
463,02-15-24-JI-01,Tap Water,2/15/2024 15:30,,-156.66532934068607,20.994913816920306
464,02-15-24-JI-02,Tap Water,2/15/2024 15:36,,-156.6769228733457,20.976481511200323
465,02-15-24-JI-03,Tap Water Filtered,2/15/2024 15:40,,-156.68455349271372,20.955492336274084
466,02-15-24-JI-04,Tap Water,2/15/2024 15:42,,-156.68810650268318,20.952687443100125
467,02-15-24-JI-05,Tap Water,2/15/2024 15:43,,-156.69066657526616,20.935688258730675
468,02-15-24-JI-06,,,,,
469,02-15-24-JI-07,Tap Water,2/15/2024 16:19,,-156.67730561270633,20.8704165914071
470,02-15-24-JI-08,Tap Water,2/15/2024 16:20,,-156.68553515816626,20.903668831319763
471,02-15-24-JI-09,Tap Water,2/15/2024 16:21,,-156.6851909113055,20.900640209836173
472,02-15-24-JI-10,Tap Water Filtered,2/15/2024 16:23,,-156.68277533046546,20.901545271282554
473,2-22-CKS-1,Tap Water,2/22/2024 10:43,,-156.47851909275388,20.89192303261475
474,2-22-CKS-2,Tap Water Filtered,2/22/2024 10:49,,-156.48071970301228,20.891528215777193
475,03-09-KDP-01,Tap Water,3/9/2024 13:50,,-156.336243884912,20.78023166330877
476,03-09-KDP-02,Tap Water Filtered,3/9/2024 13:50,,-156.33685011861846,20.783518742005615
477,03-09-KDP-03,Tap Water Filtered,3/9/2024 13:50,,-156.33390553492612,20.780358874909815
478,03-11-KDP-01,Tap Water,3/11/2024 9:23,,-156.3098583606357,20.778048511821
479,03-11-KDP-02,Tap Water Filtered,3/11/2024 9:23,,-156.30694079468796,20.77877991690745
480,03-11-KDP-03,Tap Water Filtered,3/11/2024 9:23,,-156.30709956256956,20.77867307430903
481,03-11-KDP-04,Tap Water,3/11/2024 9:23,,,
482,03-11-KDP-05,Tap Water Filtered ,3/11/2024 9:23,,-156.33027711086206,20.792741060033816
483,03-11-KDP-06,Tap Water Filtered ,3/11/2024 9:23,,-156.32989947643057,20.793495510054786
484,03-11-KDP-07,Tap Water Filtered,3/11/2024 9:23,,-156.33332231895653,20.79003891488548
485,03-11-24-01-JI,Tap Water,3/11/2024 11:31,,-156.6863202483797,20.884923783351713
486,03-11-24-02-JI,Tap Water,3/11/2024 11:42,,-156.68674186785557,20.88171569125832
487,03-13-CTH-01,,3/13/2024,,,
488,03-20-CKS-1,Other,3/20/2024 10:28,,,
489,03-20-CDS-01,Tap Water,3/20/2024 10:50,,-156.68518723630174,20.881510466065837
490,03-20-CDS-02,Tap Water Filtered,3/20/2024 10:51,,-156.68205940807684,20.881087284541458
491,03-20-CDS-03,Tap Water,3/20/2024 11:13,,-156.68086117234841,20.881085838449952
492,03-20-CDS-04,Tap Water Filtered,3/20/2024 11:15,,-156.68125887259976,20.881854315473458
493,03-20-CDS-05,Tap Water,3/20/2024,,-156.68225279499612,20.881546976899607
494,03-20-CDS-06,Tap Water,3/20/2024,,-156.68548396950823,20.880675427731155
495,03-20-CDS-07,Tap Water Filtered,3/20/2024,,-156.68295837885293,20.884340160183026
496,03-20-CDS-08,Tap Water,3/20/2024,,-156.685949782634,20.88119215562713
497,03-20-CDS-09,Tap Water Filtered,3/20/2024,,-156.68528327529734,20.881767612392128
498,03-20-CDS-10,Tap Water Filtered,3/20/2024 22:15,,-156.68262296052504,20.88104729390926
499,03-20-24-JI-01,Tap Water,3/20/2024 16:21,,-156.68341898344607,20.881472296400855
500,3-20-24-JI-02,,3/20/2024,,,
501,03-20-24-JI-03,Tap Water,3/20/2024 16:19,,-156.685062054587,20.884737958788538
502,03-20-24-JI-04,Tap Water,3/20/2024 10:39,,-156.68279080731952,20.884682359564177
503,03-20-24-JI-10,Tap Water,3/20/2024 16:18,,-156.6825136603151,20.884588408216256
504,03-20-24-JI-11,Tap Water,3/20/2024 15:13,,-156.6819901295312,20.883475633468322
505,03-20-24-JI-12,Tap Water Filtered,3/20/2024 15:15,,-156.6814524898021,20.88069817694463
506,3-20-24-JI-13,Tap Water,3/20/2024 15:03,,-156.68479799362183,20.88427474725939
507,3-20-24-JI-14,Tap Water Filtered,3/20/2024 15:05,,-156.6818620462878,20.883375244735372
508,3-20-24-JI-15,Tap Water,3/20/2024 15:01,,-156.68469839397864,20.884079895687535
509,3-20-24-JI-16,Tap Water Filtered,3/20/2024 14:57,,-156.68474279135242,20.881217990714553
510,3-20-24-JI-17,Tap Water,3/20/2024 15:00,,-156.6822544281338,20.88481882493393
511,03-29-KDP-01,Tap Water,3/29/2024 13:12,,-156.35018614811312,20.706611597450706
512,03-29-KDP-02,Tap Water Filtered,3/29/2024 13:14,,-156.35008714148364,20.70340226555648
513,03-29-KDP-03,Tap Water,3/29/2024 13:15,,-156.35333988856658,20.703409570640357
514,03-29-KDP-04,Tap Water,3/29/2024 13:35,,-156.34790637766488,20.709001885251883
515,03-29-KDP-05,Tap Water Filtered,3/29/2024 13:36,,-156.3485628171615,20.706062042729638
516,03-29-KDP-06,Tap Water,3/29/2024 14:19,,-156.3414306180687,20.718678118447354
517,03-29-KDP-07,Tap Water Filtered,3/29/2024 14:20,,-156.33797663754214,20.721148981436034
518,03-29-KDP-08,Tap Water,3/29/2024 14:28,,-156.33491035813032,20.72725138273902
519,03-29-KDP-09,Tap Water,3/29/2024 15:09,,-156.3385151303537,20.724306329651736
520,03-29-KDP-10,Tap Water Filtered,3/29/2024 15:10,,-156.3382103033607,20.72753719873577
521,03-29-KDP-11,Tap Water,3/29/2024 15:32,,-156.3541829494885,20.711733362405315
522,03-29-KDP-12,Tap Water Filtered,3/29/2024 15:34,,-156.35066618153,20.711801126076615
523,03-05-KDP-01,Tap Water,4/5/2024 15:36,,-156.30774484385458,20.772263627277603
524,03-05-KDP-02,Tap Water Filtered,4/5/2024 15:36,,-156.30437732014605,20.77281134988001
525,03-05-KDP-03,Tap Water,4/5/2024 15:53,,-156.33517131730744,20.78270262309736
526,03-05-KDP-04,Tap Water,4/5/2024 14:36,,-156.35429877616718,20.700079781713427
527,03-05-KDP-05,Tap Water ,4/5/2024 16:44,,-156.3793365246685,20.694161401052874
528,03-05-KDP-06,Tap Water Filtered,4/5/2024 16:44,,-156.37627073448118,20.690737951317505
529,03-05-KDP-07,Tap Water Filtered ,4/5/2024 16:44,,-156.3757943527405,20.693215571728704
530,03-05-KDP-08,Tap Water,4/5/2024 17:32,,-156.31471520470075,20.74783806306415
531,03-05-KDP-09,Tap Water Filtered,4/5/2024 17:32,,-156.31453101756642,20.750883505893615
532,03-05-KDP-10,Tap Water,4/5/2024 17:32,,-156.31210192572422,20.75051587675756
533,03-05-KDP-11,Tap Water Filtered,4/5/2024 17:32,,-156.31493377609456,20.74723778530096
534,03-05-KDP-12,Tap Water,4/5/2024 18:00,,-156.3462907508875,20.720081655886702
535,03-05-KDP-13,Tap Water Filtered,4/5/2024 18:00,,-156.34250947830938,20.723134395967364
536,4-11-24-JI-01,Tap Water,4/11/2024 9:36,,-156.68029368219956,20.892576106624297
537,4-11-24-JI-02,Tap Water,4/11/2024 9:38,,-156.6834818142337,20.89503221132065
538,4-11-24-JI-03,Tap Water,4/11/2024 9:39,,-156.6796570262193,20.89563061388245
539,4-11-24-JI-04,Tap Water,4/11/2024 9:40,,-156.67964242211096,20.89500165749876
540,4-12-24-JI-01,Tap Water,4/12/2024,,,
541,4-12-24-JI-02,Tap Water,4/12/2024,,,
542,4-12-KDP-01,Tap Water,4/12/2024 9:22,,-156.32003913851253,20.785302971221945
543,4-12-KDP-02,Tap Water Filtered,4/12/2024 9:22,,-156.32007628338047,20.782984435346986
544,4-12-KDP-03,Tap Water,4/12/2024 9:22,,-156.32331499321586,20.785800570288266
545,4-12-KDP-04,Tap Water Filtered,4/12/2024 9:22,,-156.32644272899842,20.785777430124494
546,4-12-KDP-05,Tap Water,4/12/2024 9:22,,-156.3265749162333,20.798777296016333
547,04-15-KDP-01,Tap Water,4/15/2024 9:22,,-156.30721232982427,20.778332848162712
548,04-15-KDP-02,Tap Water Filtered,4/15/2024 9:23,,-156.30704293081794,20.775329763762116
549,04-15-KDP-03,Tap Water Filtered,4/15/2024 9:24,,-156.31038360894385,20.778715963473402
550,04-20-KDP-01,Tap Water,4/20/2024 17:15,,-156.2811947124893,20.81850825839082
551,04-20-KDP-02,Tap Water Filtered,4/20/2024 17:15,,-156.2809981559769,20.819022940468535
552,04-20-KDP-03,Tap Water Filtered,4/20/2024 17:15,,-156.2809757475055,20.81885969863838
553,04-21-KDP-01,Tap Water,4/21/2024 13:56,,-156.28826518897054,20.81913726603448
554,4-23-24-Field Blank,,4/23/2024,,,
555,04-23-24-CKS-1-haiku,Other,4/23/2024 12:46,N,,
556,04-23-24-CKS-2-haiku,Other,4/23/2024 12:48,N,,
557,04-23-24-CKS-3 haiku,Other,4/23/2024 12:48,N,,
558,04-23-24-CKS-4 Haiku,Other,4/23/2024 12:50,N,,
559,04-23-24-CKS-5 Haiku,Other,4/23/2024 12:54,N,,
560,04-23-24-CKS-6 Haiku,Other,4/23/2024 12:55,N,,
561,04-23-24-CKS-7-haiku,Other,4/23/2024 12:56,N,,
562,04-23-24-CKS-8-haiku,Other,4/23/2024 12:56,N,,
563,04-23-24-CKS-9 Haiku,Other,4/23/2024 13:11,N,,
564,04-23-24-CKS-10 Haiku,Other,4/23/2024 13:12,N,,
565,04-23-24-CKS-11-haiku,Other,4/23/2024 13:13,N,,
566,04-23-24-CKS-12-haiku,Other,4/23/2024 13:13,N,,
567,04.26.KDP.01,Tap Water,4/26/2024 16:11,,-156.3135472572401,20.85146724570742
568,04.26.KDP.02,Tap Water,4/26/2024 16:30,,-156.30858185060018,20.866319375966622
569,04.26.KDP.03,Tap Water,4/26/2024 16:53,,-156.2935360711824,20.824440649726558
570,04.26.KDP.04,Tap Water Filtered,4/26/2024 16:55,,-156.2961488108917,20.821774344771825
571,04.26.KDP.05,Tap Water,4/26/2024 18:03,,-156.30676053486053,20.767865969866694
572,04.26.KDP.06,Tap Water Filtered,4/26/2024 18:10,,-156.30648456518298,20.77081518708981
573,05-04-KDP-01,Tap Water Filtered,5/4/2024 16:32,,-156.30780696181122,20.77390892727933
574,05-04-KDP-02,Tap Water,5/4/2024 16:32,,-156.31084720601163,20.776521247619804
575,05-04-KDP-03,Tap Water,5/4/2024 17:12,,-156.3452109089448,20.76803990131604
576,05-04-KDP-04,Tap Water Filtered,5/4/2024 17:13,,-156.34485973775728,20.76798717402781
577,05-04-KDP-05,Tap Water,5/4/2024 18:01,,-156.31316155729644,20.781425216412682
578,05-04-KDP-06,Tap Water Filtered,5/4/2024 18:02,,-156.30939185329098,20.780855328120758
579,05-06-KDP-01,Tap Water,5/5/2024 9:42,,-156.30724409776326,20.775339936195277
580,05-06-KDP-02,Tap Water Filtered,5/5/2024 9:42,,-156.30745331767923,20.77808755229975
581,05-06-KDP-03,Tap Water Filtered,5/5/2024 9:42,,-156.31000531531558,20.775707396564048
582,06-07-KDP-01,Tap Water,6/7/2024 11:00,,-156.3461443322405,20.72264457978689
583,06-07-KDP-02,Tap Water,6/7/2024 11:47,,-156.32646070902524,20.747856000429163
584,06-07-KDP-03,Tap Water,6/7/2024 12:00,,-156.32031141454442,20.743866312164222
585,06-07-KDP-04,Tap Water,6/7/2024 12:20,,-156.31340532283082,20.76244509027188
586,06-07-KDP-05,Tap Water,6/7/2024 12:33,,-156.3037149296338,20.763210715967883
587,06-10-KDP-01,Tap Water,6/10/2024 8:53,,-156.3096371717897,20.7781018949
588,06-10-KDP-02,Tap Water Filtered,6/10/2024 8:53,,-156.30756002898437,20.778129430952013
589,06-10-KDP-03,Tap Water Filtered,6/10/2024 8:53,,-156.3075395001812,20.778759786164933
590,6-11-24-01-JI,Tap Water,6/11/2024 8:23,,-156.68456203112615,20.881040315825746
591,06-14-KDP-01,Tap Water,6/14/2024 12:01,,-156.39866330968343,20.642219548526015
592,06-14-KDP-02,Tap Water Filtered,6/14/2024 12:02,,-156.40102269315744,20.6422547124059
593,06-14-KDP-03,Tap Water,6/14/2024 12:54,,-156.35745825579195,20.733357595867606
594,06-14-KDP-04,Tap Water,6/14/2024 13:00,,-156.3398174003272,20.72359359112007
595,06-14-KDP-05,Tap Water,6/14/2024 13:08,,-156.3420608759634,20.7220547764518
596,06-14-KDP-06,Tap Water,6/14/2024 13:08,,-156.34132549114938,20.72431450327443
597,06-14-KDP-07,Tap Water Filtered,6/14/2024 13:08,,-156.34123145976156,20.72749293244399
598,06-14-KDP-08,Tap Water Filtered,6/14/2024 13:08,,-156.33847881604026,20.724118770594337
599,06-14-KDP-09,Tap Water,6/14/2024 13:08,,-156.30959127631044,20.75804146557273
600,06-14-KDP-10,Tap Water Filtered,6/14/2024 13:08,,-156.30938936163992,20.758094881083885
601,06-14-KDP-11,Tap Water,6/14/2024 13:08,,-156.3093676330684,20.76550380947843
602,06-14-KDP-12,Tap Water Filtered,6/14/2024 13:08,,-156.3097891555137,20.7688907312028
603,06-14-KDP-13,Tap Water,6/14/2024 13:08,,-156.3065870827332,20.768856304016825
604,06-14-KDP-14,Tap Water,6/14/2024 13:08,,-156.30624048592622,20.768805334382545
605,06-14-KDP-15,Tap Water Filtered,6/14/2024 13:08,,-156.30673198561428,20.76923141871786
606,06-14-KDP-16,Tap Water,6/14/2024 13:08,,-156.30146060810674,20.763889619469442
607,06-14-KDP-17,Tap Water,6/14/2024 13:08,,-156.30265640595113,20.76742383599613
608,06-14-KDP-18,Tap Water Filtered,6/14/2024 13:08,,-156.30262327730546,20.76731212488081
609,06-14-KDP-19,Tap Water,6/17/2024 10:59,,-156.30926471240113,20.77620709765858
610,06-14-KDP-20,Tap Water Filtered,6/17/2024 10:59,,-156.3121458045742,20.773046878223923
